country,year,region,co2,coal_co2,gas_co2,oil_co2,co2_per_capita,gdp,gdp_per_capita,temperature_change_from_co2
Canada,1939,North America,0.095004,74.195,1.861,18.497,8.41,87932002304.0,7784.214268964019,0.008
Canada,1940,North America,0.108622,84.718,2.184,21.127,9.484,100014219264.0,8732.34346478764,0.008
Canada,1941,North America,0.120152,93.714,2.305,23.475,10.332,113984610304.0,9801.216555733155,0.008
Canada,1942,North America,0.131077,105.482,2.418,22.461,11.084,134172491776.0,11345.822027550465,0.008
Canada,1943,North America,0.138062,110.547,2.345,24.596,11.465,140255363072.0,11647.098606669972,0.008
Canada,1944,North America,0.140407,109.809,2.385,27.649,11.45,145547558912.0,11869.407006712872,0.009
Canada,1945,North America,0.130521,100.397,2.565,26.894,10.453,141033472000.0,11294.63199850722,0.009
Canada,1946,North America,0.138422,105.733,2.535,29.245,10.886,139580424192.0,10977.417731314872,0.009
Canada,1947,North America,0.143548,108.436,2.788,31.386,11.087,145755504640.0,11257.098530840003,0.009
Canada,1948,North America,0.158507,118.104,3.074,36.219,12.022,148419985408.0,11256.922978581202,0.009
Canada,1949,North America,0.1450219999999999,101.281,3.202,39.288,10.783,151660937216.0,11276.35968227421,0.009
Canada,1950,North America,0.154134,96.82,3.554,52.448,11.216,162840739840.0,11850.082426976673,0.01
Canada,1951,North America,0.162678,96.881,4.082,60.381,11.551,172068421632.0,12217.907612968753,0.01
Canada,1952,North America,0.159409,89.849,4.276,63.831,11.007,184612798464.0,12747.03863969941,0.01
Canada,1953,North America,0.160608,82.936,4.811,69.845,10.781,193223622656.0,12969.878097111165,0.01
Canada,1954,North America,0.162968,80.084,5.947,75.178,10.638,191887998976.0,12526.156202646584,0.01
Canada,1955,North America,0.169473,72.214,7.438,85.756,10.775,209810259968.0,13339.682404433288,0.011
Canada,1956,North America,0.189802,78.483,8.541,97.206,11.745,226794209280.0,14034.624282339297,0.011
Canada,1957,North America,0.182811,64.922,10.864,100.122,10.985,233362309120.0,14023.05808286454,0.011
Canada,1958,North America,0.182155,57.265,13.429,104.567,10.65,237535641600.0,13887.651526623164,0.011
Canada,1959,North America,0.184481,53.546,17.305,107.659,10.532,247152361472.0,14110.475689021676,0.011
Canada,1960,North America,0.192716,49.636,21.537,115.742,10.767,254857920512.0,14238.833576701712,0.012
Canada,1961,North America,0.194001,45.595,22.966,118.662,10.623,262380453888.0,14366.715157285362,0.012
Canada,1962,North America,0.206991,47.031,25.978,126.287,11.12,280743772160.0,15082.72620508149,0.012
Canada,1963,North America,0.210911,46.599,22.365,134.271,11.121,294939656192.0,15552.397952864589,0.012
Canada,1964,North America,0.237578,51.919,34.159,143.72,12.296,314154745856.0,16259.192184526491,0.012
Canada,1965,North America,0.251917,54.176,38.036,151.748,12.797,335067021312.0,17020.98996282496,0.013
Canada,1966,North America,0.259074,52.582,42.422,155.826,12.919,356785356800.0,17791.528720560556,0.013
Canada,1967,North America,0.281637,57.316,45.064,171.49,13.8,367635464192.0,18013.59690517452,0.013
Canada,1968,North America,0.303261,60.578,55.525,179.205,14.626,386855305216.0,18657.86219357408,0.013
Canada,1969,North America,0.307119,59.119,58.298,181.529,14.599,407256006656.0,19358.463868821666,0.013
Canada,1970,North America,0.341177,58.815,62.625,211.372,15.913,417751990272.0,19484.68286279584,0.014
Canada,1971,North America,0.3522869999999999,55.876,67.469,220.327,16.089,441056624640.0,20143.53346295091,0.014
Canada,1972,North America,0.3807919999999999,62.155,76.485,233.318,17.129,464342122496.0,20887.26159490971,0.014
Canada,1973,North America,0.381273,52.014,81.868,238.175,16.936,497617436672.0,22104.315595212025,0.014
Canada,1974,North America,0.389617,48.507,83.516,248.922,17.07,517951848448.0,22693.21612824489,0.015
Canada,1975,North America,0.396787,61.285,85.914,241.987,17.141,529610735616.0,22878.36162180796,0.015
Canada,1976,North America,0.398962,59.1,98.928,233.734,17.009,558634696704.0,23816.50174304563,0.015
Canada,1977,North America,0.40779,65.032,101.954,233.701,17.184,577419673600.0,24332.54851247186,0.015
Canada,1978,North America,0.415529,69.509,104.551,233.823,17.329,600763269120.0,25053.99445558904,0.016
Canada,1979,North America,0.441677,76.028,112.573,244.294,18.223,625737072640.0,25817.246617004384,0.016
Canada,1980,North America,0.442847,81.172,112.041,241.294,18.05,634113622016.0,25846.553114218565,0.016
Canada,1981,North America,0.42963,83.689,110.026,227.908,17.292,653774422016.0,26314.14881229313,0.017
Canada,1982,North America,0.4144549999999999,88.445,110.326,208.641,16.486,633852985344.0,25212.762547770173,0.017
Canada,1983,North America,0.408339,93.524,114.031,193.811,16.068,652317687808.0,25669.06121891326,0.017
Canada,1984,North America,0.425233,102.914,121.231,192.507,16.565,689733500928.0,26868.85073003995,0.017
Canada,1985,North America,0.421719,99.763,125.225,186.659,16.265,727013326848.0,28040.280178897567,0.018
Canada,1986,North America,0.404708,92.487,115.782,186.428,15.44,746074603520.0,28464.14128705715,0.018
Canada,1987,North America,0.430982,99.031,119.12,201.864,16.238,776472494080.0,29255.68027084523,0.018
Canada,1988,North America,0.455669,106.406,127.203,210.882,16.922,814240038912.0,30237.74189141404,0.018
Canada,1989,North America,0.462885,106.897,138.422,206.642,16.915,833918730240.0,30472.75078640331,0.019
Canada,1990,North America,0.458015,99.005,125.716,212.496,16.482,835996811264.0,30083.259381874464,0.019
Canada,1991,North America,0.449756,103.905,125.377,200.273,15.973,820274266112.0,29132.003015787857,0.019
China,1939,Asia,0.074427,73.024,0.0,1.18,0.146,,,0.007
China,1940,Asia,0.090791,88.723,0.0,1.795,0.178,,,0.007
China,1941,Asia,0.113979,111.449,0.0,2.034,0.222,,,0.007
China,1942,Asia,0.127613,124.452,0.0,2.506,0.247,,,0.008
China,1943,Asia,0.108995,107.402,0.0,0.953,0.21,,,0.008
China,1944,Asia,0.103004,101.898,0.0,0.616,0.197,,,0.008
China,1945,Asia,0.055892,55.335,0.0,0.539,0.106,,,0.009
China,1946,Asia,0.036107,35.805,0.0,0.216,0.068,,,0.009
China,1947,Asia,0.041836,41.501,0.0,0.161,0.079,,,0.009
China,1948,Asia,0.0384,38.094,0.0,0.224,0.072,,,0.009
China,1949,Asia,0.062081,61.444,0.0,0.363,0.115,,,0.01
China,1950,Asia,0.0788349999999999,77.615,0.015,0.619,0.145,436905181184.0,803.0690475357824,0.01
China,1951,Asia,0.102115,100.133,0.007,0.938,0.184,529605984256.0,956.3848182841792,0.01
China,1952,Asia,0.127999,125.444,0.015,1.337,0.226,595648774144.0,1054.0004257416676,0.011
China,1953,Asia,0.1337829999999999,130.237,0.022,1.909,0.232,672668254208.0,1164.6782721422912,0.011
China,1954,Asia,0.160877,155.592,0.029,3.341,0.273,624480223232.0,1058.236832759297,0.011
China,1955,Asia,0.190521,183.196,0.033,5.419,0.316,681084911616.0,1128.470356201515,0.012
China,1956,Asia,0.215824,205.023,0.048,8.094,0.35,738921938944.0,1198.4618443744482,0.012
China,1957,Asia,0.255785,243.81,0.132,8.988,0.406,761702580224.0,1208.368487753932,0.013
China,1958,Asia,0.524617,508.175,0.213,12.359,0.814,766244683776.0,1189.4155684617574,0.013
China,1959,Asia,0.720152,695.438,0.557,19.049,1.103,743927578624.0,1139.7552033610853,0.013
China,1960,Asia,0.7988,748.376,1.993,22.992,1.22,705092976640.0,1076.8032253581805,0.014
China,1961,Asia,0.57063,522.475,2.818,22.336,0.87,577128431616.0,880.0728413961698,0.014
China,1962,Asia,0.4596179999999999,411.925,2.323,21.764,0.691,616502984704.0,926.9694352968032,0.015
China,1963,Asia,0.456779,406.129,1.957,23.27,0.667,705534361600.0,1030.650260068749,0.015
China,1964,Asia,0.460637,401.574,2.03,27.729,0.654,804504993792.0,1141.4684651529328,0.016
China,1965,Asia,0.500286,432.993,2.11,34.999,0.692,896126812160.0,1238.743873441614,0.016
China,1966,Asia,0.5494589999999999,469.765,2.568,44.547,0.74,927339380736.0,1249.1064405440095,0.017
China,1967,Asia,0.460226,383.599,2.799,42.499,0.605,933378392064.0,1226.4736834249525,0.017
China,1968,Asia,0.495507,412.72,2.686,48.651,0.634,912372793344.0,1168.1945031887776,0.018
China,1969,Asia,0.607683,501.177,3.759,66.85,0.758,1006175649792.0,1254.3636017967992,0.018
China,1970,Asia,0.8079529999999999,665.866,5.503,94.645,0.981,1144004411392.0,1389.520162972402,0.019
China,1971,Asia,0.90921,736.424,7.174,120.091,1.077,1216237928448.0,1440.920913867,0.019
China,1972,Asia,0.968646,770.722,9.281,138.328,1.122,1233564991488.0,1428.2698661202494,0.02
China,1973,Asia,1.008293,783.741,11.468,158.819,1.142,1334375219200.0,1511.9080923280094,0.021
China,1974,Asia,1.0281,776.101,14.44,182.573,1.142,1367631724544.0,1519.071648810049,0.022
China,1975,Asia,1.183215,906.638,16.972,204.191,1.292,1460733607936.0,1594.4840394897465,0.023
China,1976,Asia,1.226421,910.39,19.368,238.985,1.318,1413710479360.0,1519.510512078416,0.023
China,1977,Asia,1.340831,998.609,23.237,257.484,1.421,1493489287168.0,1582.8467157606462,0.024
China,1978,Asia,1.492778,1117.447,26.286,281.992,1.561,1667551723520.0,1744.0063748897044,0.026
China,1979,Asia,1.5256610000000002,1147.547,27.777,278.427,1.574,1801380298752.0,1858.4571051312507,0.026
China,1980,Asia,1.494496,1122.664,27.319,273.202,1.52,1893783568384.0,1926.2141868614544,0.027
China,1981,Asia,1.476488,1125.005,24.388,256.374,1.48,1949955260416.0,1954.4092261425517,0.028
China,1982,Asia,1.606585,1248.856,22.9,257.81,1.585,2128598007808.0,2100.062010301543,0.029
China,1983,Asia,1.694217,1321.843,23.439,263.771,1.646,2278862356480.0,2214.4980761914044,0.03
China,1984,Asia,1.844828,1454.198,24.226,271.451,1.767,2534000295936.0,2427.552960403603,0.031
China,1985,Asia,1.998083,1584.511,24.82,284.594,1.885,2752673742848.0,2597.332920463511,0.032
China,1986,Asia,2.104213,1657.391,26.352,303.068,1.953,2931539050496.0,2721.358689368486,0.033
China,1987,Asia,2.257739,1770.269,26.601,321.523,2.06,3177306390528.0,2898.4271342530706,0.035
China,1988,Asia,2.425894,1892.698,27.311,343.13,2.175,3354463305728.0,3007.828619985933,0.036
China,1989,Asia,2.463654,1920.239,28.821,354.441,2.173,3380560265216.0,2981.1173548206407,0.037
China,1990,Asia,2.484855,1976.684,29.301,330.291,2.154,3385121832960.0,2934.442220865518,0.038
China,1991,Asia,2.606096,2049.92,30.778,356.027,2.226,3508947910656.0,2997.0808815894725,0.04
France,1939,Europe,0.1946169999999999,177.059,0.0,17.558,4.827,320115998720.0,7940.455038508911,0.004
France,1940,Europe,0.137737,127.35,0.0,10.387,3.415,264163000320.0,6548.811876657048,0.004
France,1941,Europe,0.119927,118.245,0.0,0.0,2.968,208850403328.0,5169.314290063438,0.004
France,1942,Europe,0.122496,121.081,0.004,0.176,3.024,187228798976.0,4622.033780388715,0.004
France,1943,Europe,0.125246,123.517,0.077,0.205,3.081,177801003008.0,4373.365513250903,0.005
France,1944,Europe,0.079986,78.959,0.114,0.18,1.96,150192898048.0,3680.883441250568,0.005
France,1945,Europe,0.107166,105.333,0.147,0.909,2.617,162809692160.0,3975.612295387502,0.005
France,1946,Europe,0.165245,156.79,0.187,7.222,4.02,247582048256.0,6023.709596243755,0.005
France,1947,Europe,0.1836239999999999,167.954,0.495,13.271,4.451,268325273600.0,6504.704366124266,0.005
France,1948,Europe,0.196501,172.619,0.612,20.61,4.746,287852232704.0,6952.751119695833,0.005
France,1949,Europe,0.2290509999999999,195.775,0.832,29.261,5.506,327028310016.0,7861.610090875711,0.005
France,1950,Europe,0.202279,166.851,0.447,31.419,4.83,351453773824.0,8391.298380860911,0.005
France,1951,Europe,0.228729,186.97,0.557,37.186,5.403,373113716736.0,8813.641416988683,0.005
France,1952,Europe,0.226986,181.83,0.564,40.319,5.306,382998904832.0,8952.698942150275,0.005
France,1953,Europe,0.214548,166.628,0.524,42.796,4.963,394064691200.0,9115.986141626723,0.005
France,1954,Europe,0.226352,172.138,0.605,48.793,5.182,413153820672.0,9459.321724984264,0.005
France,1955,Europe,0.238982,179.389,0.725,53.619,5.415,436918059008.0,9899.337012181844,0.006
France,1956,Europe,0.268499,201.711,0.89,60.243,6.022,458984652800.0,10293.784631529508,0.006
France,1957,Europe,0.277497,207.481,1.147,62.636,6.162,486693404672.0,10806.67383817356,0.006
France,1958,Europe,0.266154,190.839,1.367,67.319,5.85,498861244416.0,10965.5494188159,0.006
France,1959,Europe,0.26189,180.331,2.843,71.796,5.698,513138982912.0,11163.98910637566,0.006
France,1960,Europe,0.296602,198.424,6.239,84.932,6.388,549318524928.0,11831.58688360868,0.006
France,1961,Europe,0.31622,205.201,8.949,94.467,6.743,579768680448.0,12363.429143029678,0.006
France,1962,Europe,0.3334769999999999,208.842,10.445,105.846,7.042,618376462336.0,13058.969008286236,0.006
France,1963,Europe,0.338582,200.501,9.73,119.389,7.081,650490675200.0,13603.518955609525,0.006
France,1964,Europe,0.36954,204.279,10.778,143.837,7.648,693811347456.0,14358.950453138754,0.007
France,1965,Europe,0.36423,184.804,10.45,157.921,7.468,727557406720.0,14917.270460287476,0.007
France,1966,Europe,0.381139,181.279,11.676,176.667,7.749,764514074624.0,15543.752848429222,0.007
France,1967,Europe,0.4054959999999999,177.177,13.199,203.069,8.179,799864782848.0,16134.468650601806,0.007
France,1968,Europe,0.419073,169.804,15.642,221.078,8.39,835171385344.0,16721.067764528867,0.007
France,1969,Europe,0.4442799999999999,167.719,17.898,245.049,8.823,893107437568.0,17736.11591169152,0.007
France,1970,Europe,0.461338,153.821,19.88,273.299,9.079,944232660992.0,18582.47577659693,0.008
France,1971,Europe,0.494427,142.694,23.927,307.901,9.639,989968596992.0,19300.245962962315,0.008
France,1972,Europe,0.514988,126.446,28.424,339.99,9.953,1034024779776.0,19983.519591622407,0.008
France,1973,Europe,0.539772,121.059,32.599,365.987,10.348,1090179825664.0,20899.80052349007,0.008
France,1974,Europe,0.521906,121.554,33.951,345.889,9.94,1122228371456.0,21373.84712238574,0.009
France,1975,Europe,0.483272,110.386,39.175,314.936,9.162,1114332594176.0,21126.261546274254,0.009
France,1976,Europe,0.524455,124.555,40.33,340.818,9.903,1162522918912.0,21951.32620995213,0.009
France,1977,Europe,0.508119,123.799,42.841,323.027,9.552,1205940912128.0,22669.283927913933,0.009
France,1978,Europe,0.529908,120.308,46.186,345.547,9.918,1239356145664.0,23196.02932333399,0.009
France,1979,Europe,0.533254,126.289,49.003,340.975,9.937,1279104516096.0,23836.808320516895,0.01
France,1980,Europe,0.512218,127.31,49.953,318.882,9.496,1297124032512.0,24047.06189431461,0.01
France,1981,Europe,0.460491,112.028,50.946,282.906,8.488,1310463361024.0,24153.77871917584,0.01
France,1982,Europe,0.441564,115.041,49.027,264.879,8.09,1343411585024.0,24612.539242710172,0.01
France,1983,Europe,0.4244549999999999,101.822,53.568,258.226,7.733,1359074689024.0,24760.236324360365,0.01
France,1984,Europe,0.413169,100.265,54.927,248.02,7.488,1379095674880.0,24994.20089369002,0.011
France,1985,Europe,0.406314,97.292,56.868,241.93,7.325,1398409920512.0,25211.495807266405,0.011
France,1986,Europe,0.3914479999999999,79.748,56.833,244.759,7.021,1431625531392.0,25678.076868165605,0.011
France,1987,Europe,0.388852,74.706,54.531,249.572,6.938,1467808743424.0,26188.252653293275,0.011
France,1988,Europe,0.3865059999999999,76.869,54.778,244.175,6.858,1532315566080.0,27187.107499637255,0.011
France,1989,Europe,0.400329,80.876,55.736,252.494,7.062,1594471874560.0,28128.598326603784,0.012
France,1990,Europe,0.393717,80.44,59.049,233.972,6.909,1636207689728.0,28710.314580853046,0.012
France,1991,Europe,0.417859,85.989,66.698,245.485,7.296,1654070181888.0,28881.177590491112,0.012
Germany,1939,Europe,0.648625,639.397,0.059,2.272,9.072,597037481984.0,8350.268703504546,0.011
Germany,1940,Europe,0.654325,645.747,0.029,3.239,9.121,601419022336.0,8383.30535993386,0.011
Germany,1941,Europe,0.660793,652.393,0.026,2.766,9.197,639431147520.0,8899.433471902945,0.012
Germany,1942,Europe,0.667899,661.99,0.026,2.283,9.298,648060272640.0,9022.062524540372,0.012
Germany,1943,Europe,0.67943,672.747,0.018,2.18,9.479,661088894976.0,9222.913771450629,0.012
Germany,1944,Europe,0.6002730000000001,597.928,0.132,2.213,8.392,677550751744.0,9472.573107498942,0.013
Germany,1945,Europe,0.116065,114.258,0.136,1.671,1.626,482064990208.0,6753.821579655804,0.013
Germany,1946,Europe,0.271682,268.241,0.165,1.993,3.814,228572053504.0,3209.1127130026443,0.013
Germany,1947,Europe,0.31766,314.254,0.117,1.77,4.469,256643006464.0,3610.847374854384,0.013
Germany,1948,Europe,0.377816,364.81,0.103,9.688,5.327,303971500032.0,4285.785366779261,0.013
Germany,1949,Europe,0.432148,421.371,0.081,5.917,6.096,355660922880.0,5017.208261367912,0.013
Germany,1950,Europe,0.510682,496.901,0.044,7.566,7.311,422965084160.0,6055.526780186577,0.013
Germany,1951,Europe,0.576866,558.774,0.055,11.076,8.267,461743915008.0,6616.944160308966,0.014
Germany,1952,Europe,0.610981,590.362,0.099,13.055,8.75,501792178176.0,7186.22547484749,0.014
Germany,1953,Europe,0.6234919999999999,597.188,0.227,17.126,8.915,543743705088.0,7774.973949968139,0.014
Germany,1954,Europe,0.659732,625.474,0.363,24.413,9.411,584376975360.0,8335.78372370678,0.015
Germany,1955,Europe,0.7234980000000001,682.295,0.729,29.88,10.287,648607432704.0,9221.799810584183,0.015
Germany,1956,Europe,0.7661910000000001,715.128,1.059,38.897,10.85,695152345088.0,9844.41243058962,0.015
Germany,1957,Europe,0.777908,720.17,1.052,45.503,10.943,734905368576.0,10337.94564359424,0.016
Germany,1958,Europe,0.756379,688.729,1.037,55.125,10.55,767711444992.0,10708.068306554216,0.016
Germany,1959,Europe,0.755795,670.654,1.187,70.426,10.462,823838441472.0,11403.915888098723,0.016
Germany,1960,Europe,0.8139500000000001,707.214,1.348,90.593,11.179,890209959936.0,12226.204444984529,0.017
Germany,1961,Europe,0.83484,711.645,1.48,105.691,11.378,926835933184.0,12631.303574865122,0.017
Germany,1962,Europe,0.883169,732.013,1.968,132.369,11.935,966424920064.0,13060.325513246138,0.017
Germany,1963,Europe,0.945498,761.687,2.561,164.114,12.658,993706180608.0,13302.981348765856,0.018
Germany,1964,Europe,0.968917,755.615,3.825,190.005,12.865,1054006837248.0,13994.92998109754,0.018
Germany,1965,Europe,0.960102,716.917,5.536,217.77,12.638,1107504005120.0,14578.75827603167,0.019
Germany,1966,Europe,0.951422,680.103,6.679,244.283,12.419,1140349075456.0,14884.920686040135,0.019
Germany,1967,Europe,0.936229,653.866,8.775,254.377,12.163,1143923146752.0,14861.782010638764,0.019
Germany,1968,Europe,0.984791,659.625,14.466,290.439,12.736,1204136574976.0,15573.159240539197,0.02
Germany,1969,Europe,1.052001,686.183,20.621,324.194,13.497,1283751411712.0,16470.17131399543,0.02
Germany,1970,Europe,1.026022,603.234,29.766,370.134,13.12,1343859851264.0,17183.78746266452,0.021
Germany,1971,Europe,1.0372370000000002,588.132,40.183,384.682,13.239,1383509131264.0,17658.99183054607,0.021
Germany,1972,Europe,1.041481,553.577,52.651,410.007,13.23,1440601473024.0,18300.34149073037,0.022
Germany,1973,Europe,1.085738,561.926,67.751,431.74,13.749,1505896431616.0,19069.9518697031,0.022
Germany,1974,Europe,1.0627270000000002,565.844,84.495,390.431,13.453,1518360985600.0,19220.563898795102,0.023
Germany,1975,Europe,1.002447,515.979,88.812,376.809,12.737,1510149980160.0,19188.23724079409,0.023
Germany,1976,Europe,1.0908399999999998,555.972,93.634,419.362,13.92,1583048163328.0,20201.087261766977,0.023
Germany,1977,Europe,1.052609,516.648,98.049,416.829,13.463,1628636053504.0,20830.39442966195,0.024
Germany,1978,Europe,1.079133,523.741,105.271,428.176,13.815,1674283057152.0,21433.468673157317,0.024
Germany,1979,Europe,1.117888,549.173,114.72,431.588,14.305,1741603078144.0,22285.98721693081,0.025
Germany,1980,Europe,1.100066,551.176,115.453,412.456,14.047,1761467957248.0,22491.98167971464,0.025
Germany,1981,Europe,1.048523,557.749,110.001,361.3,13.366,1768196538368.0,22539.714799874426,0.026
Germany,1982,Europe,1.015734,550.813,102.017,344.464,12.957,1753143181312.0,22363.325494885932,0.026
Germany,1983,Europe,1.011605,553.738,106.021,333.397,12.932,1784298602496.0,22810.077182391928,0.027
Germany,1984,Europe,1.033245,572.331,108.531,334.89,13.247,1834585161728.0,23520.865677013902,0.027
Germany,1985,Europe,1.044118,579.376,108.532,340.222,13.41,1874769739776.0,24077.6691743439,0.028
Germany,1986,Europe,1.047472,573.762,100.551,356.828,13.442,1916181413888.0,24590.449153594356,0.028
Germany,1987,Europe,1.032443,560.224,109.547,345.535,13.226,1945055789056.0,24916.704552712443,0.028
Germany,1988,Europe,1.029024,552.861,107.637,351.26,13.128,2009989382144.0,25642.200924137047,0.029
Germany,1989,Europe,1.008792,546.779,121.909,322.795,12.768,2075675197440.0,26272.0207361714,0.029
Germany,1990,Europe,1.054796,569.117,122.281,333.324,13.233,2015547490304.0,25286.65128498327,0.03
Germany,1991,Europe,1.01693,504.043,130.146,355.311,12.664,2141316317184.0,26665.395781280866,0.03
Japan,1939,Asia,0.127747,124.151,0.099,0.989,1.759,347620933632.0,4786.513738849272,0.002
Japan,1940,Asia,0.153244,150.125,0.103,0.916,2.082,356253958144.0,4840.937109458765,0.003
Japan,1941,Asia,0.154605,150.832,0.099,0.791,2.073,369006706688.0,4947.3071316375135,0.003
Japan,1942,Asia,0.147792,144.816,0.099,0.725,1.955,370533728256.0,4900.461551780547,0.003
Japan,1943,Asia,0.150637,147.949,0.081,0.747,1.965,366773534720.0,4784.018892446843,0.003
Japan,1944,Asia,0.138733,136.484,0.081,0.703,1.785,371697713152.0,4781.569168756585,0.003
Japan,1945,Asia,0.076635,75.306,0.073,0.678,0.972,280326701056.0,3556.5643827751755,0.003
Japan,1946,Asia,0.052707,51.593,0.066,0.59,0.66,213947006976.0,2677.05982240691,0.003
Japan,1947,Asia,0.070032,68.795,0.07,0.557,0.864,211776700416.0,2613.459035242448,0.003
Japan,1948,Asia,0.088082,86.584,0.092,0.487,1.072,229021270016.0,2787.3980465830027,0.003
Japan,1949,Asia,0.09842,96.103,0.103,0.594,1.182,234992009216.0,2822.048596608757,0.003
Japan,1950,Asia,0.102541,95.729,0.136,4.47,1.186,256610910208.0,2968.5466953191353,0.003
Japan,1951,Asia,0.123458,111.001,0.161,9.057,1.405,288620281856.0,3285.3786207456283,0.003
Japan,1952,Asia,0.130428,113.94,0.18,12.791,1.463,321973420032.0,3612.194267100109,0.003
Japan,1953,Asia,0.1459019999999999,119.179,0.216,22.175,1.615,345711968256.0,3827.457377622616,0.004
Japan,1954,Asia,0.142681,113.009,0.275,24.12,1.561,365311000576.0,3996.5026193424983,0.004
Japan,1955,Asia,0.142036,108.89,0.344,27.579,1.537,396713132032.0,4292.2487305556315,0.004
Japan,1956,Asia,0.160823,121.381,0.469,32.536,1.723,426510417920.0,4569.329938005939,0.004
Japan,1957,Asia,0.188287,136.042,0.638,44.106,2.001,457723478016.0,4863.759845404764,0.004
Japan,1958,Asia,0.181421,126.489,0.927,46.599,1.913,484394336256.0,5107.115151294573,0.004
Japan,1959,Asia,0.1929199999999999,125.851,1.172,57.364,2.018,528525000704.0,5527.175992572413,0.004
Japan,1960,Asia,0.23283,139.146,1.601,80.944,2.415,597858254848.0,6201.864943016349,0.004
Japan,1961,Asia,0.2831309999999999,160.866,2.045,108.045,2.912,669824974848.0,6889.956306139401,0.004
Japan,1962,Asia,0.293278,154.22,2.66,122.17,2.99,729663012864.0,7439.740531112039,0.005
Japan,1963,Asia,0.325264,155.343,3.671,151.448,3.287,791534370816.0,7998.671467911259,0.005
Japan,1964,Asia,0.359349,160.21,4.005,178.834,3.597,883860307968.0,8848.320482199962,0.005
Japan,1965,Asia,0.386969,165.748,3.609,201.454,3.835,935329857536.0,9268.398469749356,0.005
Japan,1966,Asia,0.41978,170.454,3.701,226.712,4.12,1034825433088.0,10156.516265175647,0.005
Japan,1967,Asia,0.4899119999999999,181.502,3.909,283.262,4.758,1149408247808.0,11163.039310058806,0.006
Japan,1968,Asia,0.5625610000000001,200.137,4.228,334.631,5.397,1297449615360.0,12447.055297147212,0.006
Japan,1969,Asia,0.653846,221.022,4.719,402.704,6.199,1459365609472.0,13836.105781787315,0.006
Japan,1970,Asia,0.76974,229.266,7.676,504.49,7.213,1615677620224.0,15140.490462577112,0.006
Japan,1971,Asia,0.799643,206.388,8.094,555.853,7.407,1691571453952.0,15669.658442572516,0.007
Japan,1972,Asia,0.8610460000000001,200.216,7.984,620.242,7.882,1833991274496.0,16788.80157893846,0.007
Japan,1973,Asia,0.914262,214.385,10.582,651.026,8.265,1981290119168.0,17911.62808270167,0.008
Japan,1974,Asia,0.914303,229.191,14.161,635.279,8.163,1957033279488.0,17471.999784018688,0.008
Japan,1975,Asia,0.869796,213.422,17.155,606.028,7.675,2017465204736.0,17803.069861086362,0.008
Japan,1976,Asia,0.909555,208.383,20.683,644.761,7.944,2097612062720.0,18319.30898315023,0.009
Japan,1977,Asia,0.93553,204.52,24.684,668.696,8.095,2189767737344.0,18946.842994340954,0.009
Japan,1978,Asia,0.905064,174.739,34.504,651.504,7.764,2305153040384.0,19773.662103417177,0.01
Japan,1979,Asia,0.95713,190.938,40.89,679.159,8.144,2431613140992.0,20690.78320864033,0.01
Japan,1980,Asia,0.948535,224.299,47.932,630.659,8.014,2500143611904.0,21123.435145658543,0.01
Japan,1981,Asia,0.930369,247.358,48.592,590.551,7.819,2579316867072.0,21676.014546037615,0.011
Japan,1982,Asia,0.900713,242.63,49.746,566.788,7.538,2658129674240.0,22246.411497375502,0.011
Japan,1983,Asia,0.88442,229.795,53.348,559.573,7.373,2719951093760.0,22675.907335306052,0.012
Japan,1984,Asia,0.940528,260.176,71.697,568.097,7.813,2826577117184.0,23479.597116423625,0.012
Japan,1985,Asia,0.915263,271.788,76.981,529.481,7.575,2950873743360.0,24421.26162606481,0.013
Japan,1986,Asia,0.914048,257.466,81.253,540.356,7.531,3036325871616.0,25017.7770840713,0.013
Japan,1987,Asia,0.902178,250.394,82.707,536.237,7.398,3162653851648.0,25935.38436570044,0.013
Japan,1988,Asia,0.984697,278.512,86.207,584.91,8.04,3358737825792.0,27423.42648006841,0.014
Japan,1989,Asia,1.021278,277.105,92.725,615.156,8.307,3520997621760.0,28638.24128643099,0.014
Japan,1990,Asia,1.157393,318.767,116.917,671.548,9.379,3699821510656.0,29982.40272735685,0.015
Japan,1991,Asia,1.1690930000000002,318.635,125.064,673.907,9.437,3824677552128.0,30871.59226277338,0.015
Poland,1939,Europe,0.051901,49.827,0.462,1.612,1.79,,,0.003
Poland,1940,Europe,0.167247,165.638,0.0,1.608,5.79,,,0.003
Poland,1941,Europe,0.164803,164.059,0.0,0.744,5.756,,,0.003
Poland,1942,Europe,0.181613,180.456,0.0,1.158,6.431,,,0.003
Poland,1943,Europe,0.197786,196.339,0.0,1.447,7.139,,,0.003
Poland,1944,Europe,0.1890399999999999,187.802,0.0,1.238,6.954,,,0.003
Poland,1945,Europe,0.059458,58.807,0.191,0.311,2.229,,,0.003
Poland,1946,Europe,0.1045939999999999,102.757,0.205,0.942,3.997,,,0.003
Poland,1947,Europe,0.091546,89.468,0.205,1.121,3.565,,,0.003
Poland,1948,Europe,0.088925,86.199,0.216,1.608,3.53,82478997504.0,3273.6743453812073,0.003
Poland,1949,Europe,0.105426,102.577,0.191,1.499,4.234,88614731776.0,3559.1886357210915,0.003
Poland,1950,Europe,0.112123,109.183,0.41,1.286,4.525,96813596672.0,3906.898160056939,0.003
Poland,1951,Europe,0.122132,118.662,0.623,1.517,4.842,101074329600.0,4007.2776371372256,0.003
Poland,1952,Europe,0.128042,124.268,0.729,1.726,4.988,103385350144.0,4027.090741652944,0.003
Poland,1953,Europe,0.139193,134.806,0.777,1.982,5.328,109421338624.0,4188.143023908676,0.004
Poland,1954,Europe,0.147568,141.87,0.887,3.129,5.55,115623100416.0,4348.290145851099,0.004
Poland,1955,Europe,0.154202,147.777,0.986,3.554,5.698,121240854528.0,4479.84286400499,0.004
Poland,1956,Europe,0.166417,159.531,1.041,3.851,6.044,126650793984.0,4599.5341292735175,0.004
Poland,1957,Europe,0.1786819999999999,171.017,1.059,4.386,6.364,133299068928.0,4747.710457733418,0.004
Poland,1958,Europe,0.176735,168.599,1.07,4.565,6.17,139818926080.0,4881.324669444991,0.004
Poland,1959,Europe,0.18966,180.419,1.154,5.459,6.51,143866773504.0,4938.354264136447,0.004
Poland,1960,Europe,0.199577,188.868,1.469,5.98,6.748,151647944704.0,5127.404446454785,0.004
Poland,1961,Europe,0.207235,194.782,1.854,6.962,6.913,163715039232.0,5460.86443353506,0.004
Poland,1962,Europe,0.216607,202.26,2.077,8.541,7.14,161505214464.0,5323.512055190018,0.004
Poland,1963,Europe,0.2309989999999999,215.469,2.341,9.394,7.531,171155963904.0,5579.834061028315,0.004
Poland,1964,Europe,0.2428799999999999,224.643,2.682,11.227,7.837,178821677056.0,5769.717978107414,0.004
Poland,1965,Europe,0.246981,225.592,3.151,13.506,7.894,188699590656.0,6030.9879884319835,0.005
Poland,1966,Europe,0.252431,228.934,3.763,14.77,7.996,200606679040.0,6354.691048439063,0.005
Poland,1967,Europe,0.2590249999999999,232.668,4.73,16.125,8.138,207876374528.0,6531.113880288577,0.005
Poland,1968,Europe,0.2758009999999999,244.337,6.277,19.452,8.598,220431548416.0,6871.653129441951,0.005
Poland,1969,Europe,0.293365,258.166,8.68,20.672,9.076,218218528768.0,6751.230835395115,0.005
Poland,1970,Europe,0.304143,261.488,10.915,25.722,9.346,229568512000.0,7054.391378646335,0.005
Poland,1971,Europe,0.3128809999999999,267.827,11.322,27.322,9.547,245931900928.0,7504.490695730148,0.005
Poland,1972,Europe,0.3295059999999999,280.945,11.732,30.037,9.972,263853817856.0,7985.408442843976,0.005
Poland,1973,Europe,0.33559,281.175,12.311,34.617,10.068,283714584576.0,8511.451921633747,0.006
Poland,1974,Europe,0.346237,288.935,12.656,36.648,10.292,300363743232.0,8928.113950277659,0.006
Poland,1975,Europe,0.3747799999999999,310.029,14.539,41.465,11.034,314487209984.0,9259.319147204696,0.006
Poland,1976,Europe,0.398119,327.184,16.243,45.415,11.608,322311716864.0,9397.771600931648,0.006
Poland,1977,Europe,0.4179549999999999,341.877,16.605,49.585,12.07,328313339904.0,9481.011512766618,0.006
Poland,1978,Europe,0.43087,351.839,16.393,52.659,12.334,340244103168.0,9739.5660222631,0.006
Poland,1979,Europe,0.441309,358.841,17.899,55.832,12.52,333915684864.0,9473.220482495351,0.007
Poland,1980,Europe,0.463329,380.898,17.858,56.25,13.023,325503254528.0,9149.384842215306,0.007
Poland,1981,Europe,0.408997,336.45,17.463,48.724,11.392,308182417408.0,8584.250138931007,0.007
Poland,1982,Europe,0.42097,349.736,17.708,46.397,11.618,305360633856.0,8427.585532557112,0.007
Poland,1983,Europe,0.421024,350.744,18.309,44.869,11.512,320511901696.0,8763.452779799343,0.007
Poland,1984,Europe,0.432467,366.148,18.763,40.307,11.718,332358615040.0,9005.5940004654,0.008
Poland,1985,Europe,0.4445079999999999,379.026,17.877,41.158,11.949,335851094016.0,9028.048686735689,0.008
Poland,1986,Europe,0.451849,383.064,19.492,42.568,12.065,346539458560.0,9252.744736735584,0.008
Poland,1987,Europe,0.463733,394.734,20.123,42.099,12.312,341893120000.0,9077.038554322296,0.008
Poland,1988,Europe,0.44423,377.561,19.892,39.695,11.747,349435199488.0,9239.95120316426,0.008
Poland,1989,Europe,0.422175,355.925,19.529,39.454,11.128,344009605120.0,9067.658185295426,0.009
Poland,1990,Europe,0.376641,302.284,18.722,40.209,9.897,310673178624.0,8163.697625115394,0.009
Poland,1991,Europe,0.373623,303.094,17.129,40.575,9.793,291288809472.0,7634.765657080173,0.009
Russia,1939,Europe,0.247935,185.972,2.524,57.684,2.679,,,0.025
Russia,1940,Europe,0.297241,232.499,3.696,59.261,3.183,,,0.025
Russia,1941,Europe,0.261134,198.072,0.0,61.278,2.771,,,0.026
Russia,1942,Europe,0.141967,83.581,0.0,58.386,1.492,,,0.026
Russia,1943,Europe,0.148165,96.207,0.0,51.958,1.543,,,0.026
Russia,1944,Europe,0.214867,144.129,0.0,70.738,2.218,,,0.027
Russia,1945,Europe,0.22748,186.272,3.761,36.895,2.326,,,0.027
Russia,1946,Europe,0.255646,208.002,4.304,42.301,2.591,,,0.027
Russia,1947,Europe,0.307839,249.723,5.269,51.379,3.091,,,0.027
Russia,1948,Europe,0.32757,262.613,5.819,57.122,3.259,,,0.028
Russia,1949,Europe,0.372365,297.284,6.016,66.623,3.671,,,0.028
Russia,1950,Europe,0.4150609999999999,329.785,7.932,74.14,4.014,337495949312.0,3264.2250645103245,0.028
Russia,1951,Europe,0.449832,357.49,8.585,79.981,4.29,357746835456.0,3412.1608318470553,0.028
Russia,1952,Europe,0.481701,378.453,8.74,90.216,4.53,388546134016.0,3654.277666037456,0.029
Russia,1953,Europe,0.509613,395.87,9.381,99.507,4.725,413093789696.0,3830.202535606236,0.029
Russia,1954,Europe,0.556575,430.168,10.245,110.392,5.085,448712376320.0,4099.2057938862345,0.03
Russia,1955,Europe,0.631101,483.342,12.267,128.668,5.677,479242190848.0,4311.244085441227,0.03
Russia,1956,Europe,0.6919420000000001,518.653,16.52,149.231,6.128,520877113344.0,4613.242901745866,0.031
Russia,1957,Europe,0.757201,554.32,25.726,168.4,6.6,555636948992.0,4842.982099528988,0.032
Russia,1958,Europe,0.808224,571.906,38.193,188.044,6.932,594634014720.0,5100.26857836602,0.032
Russia,1959,Europe,0.849739,584.273,48.555,205.183,7.183,628321091584.0,5311.526162374067,0.033
Russia,1960,Europe,0.884702,585.452,61.665,223.832,7.377,664792989696.0,5542.983616400211,0.034
Russia,1961,Europe,0.912373,575.213,79.863,241.945,7.503,712659173376.0,5860.476320588278,0.034
Russia,1962,Europe,0.957589,571.186,99.131,269.987,7.778,765404315648.0,6217.152320250258,0.035
Russia,1963,Europe,1.0269739999999998,592.184,121.251,295.157,8.252,795991080960.0,6396.08410758424,0.036
Russia,1964,Europe,1.092214,609.542,147.216,315.912,8.694,847772254208.0,6748.15894486479,0.036
Russia,1965,Europe,1.158639,630.075,170.229,336.566,9.149,894393909248.0,7062.814355700678,0.037
Russia,1966,Europe,1.2235809999999998,651.286,188.619,359.643,9.594,957776855040.0,7509.994403280182,0.038
Russia,1967,Europe,1.279439,656.027,206.293,391.679,9.969,1018164346880.0,7933.172477058016,0.039
Russia,1968,Europe,1.315396,648.753,223.343,417.056,10.192,1081402654720.0,8378.741416489005,0.039
Russia,1969,Europe,1.3698979999999998,657.706,238.847,446.44,10.557,1109530247168.0,8550.489399624199,0.04
Russia,1970,Europe,1.440773,702.835,221.795,487.633,11.052,1202686787584.0,9225.379459428246,0.041
Russia,1971,Europe,1.5289549999999998,716.493,250.638,518.91,11.673,1253060902912.0,9566.291770833725,0.042
Russia,1972,Europe,1.608655,738.373,263.591,563.489,12.212,1289356574720.0,9788.1397223459,0.043
Russia,1973,Europe,1.676593,745.921,278.547,605.342,12.656,1390779301888.0,10498.416271978189,0.044
Russia,1974,Europe,1.7404369999999998,747.388,295.138,648.372,13.061,1440623099904.0,10810.68772134033,0.045
Russia,1975,Europe,1.829452,769.572,321.877,685.026,13.639,1499251212288.0,11177.089713098036,0.046
Russia,1976,Europe,1.899911,789.717,353.686,701.113,14.065,1545586606080.0,11441.950693604314,0.047
Russia,1977,Europe,1.964534,802.148,379.119,725.683,14.441,1593194971136.0,11711.140665952162,0.048
Russia,1978,Europe,2.032002,797.389,397.568,778.078,14.834,1623481384960.0,11852.038383144123,0.049
Russia,1979,Europe,2.048855,797.952,422.814,781.185,14.867,1639588429824.0,11896.891374795923,0.05
Russia,1980,Europe,2.129469,840.963,441.376,799.832,15.367,1696830062592.0,12245.0594109538,0.051
Russia,1981,Europe,2.088923,761.391,472.646,807.411,14.99,1717132197888.0,12322.309032749818,0.052
Russia,1982,Europe,2.1283049999999997,771.454,500.028,810.67,15.175,1727461064704.0,12317.211068322067,0.053
Russia,1983,Europe,2.1584920000000003,765.431,536.445,809.773,15.273,1761922514944.0,12466.614272111898,0.054
Russia,1984,Europe,2.177659,760.126,580.162,790.501,15.286,1769234759680.0,12418.799250509446,0.055
Russia,1985,Europe,2.348536,866.02,636.963,798.035,16.358,1795626500096.0,12507.029006044102,0.056
Russia,1986,Europe,2.348928,893.978,603.894,804.309,16.221,1840205266944.0,12707.913963318111,0.057
Russia,1987,Europe,2.35792,900.889,701.871,709.069,16.134,1838644461568.0,12580.755374516391,0.059
Russia,1988,Europe,2.436935,916.013,750.139,711.931,16.537,1868131598336.0,12676.945173868986,0.06
Russia,1989,Europe,2.404825,882.512,749.211,714.899,16.218,1881091604480.0,12685.918334327916,0.061
Russia,1990,Europe,2.536248,754.207,788.193,888.24,17.024,1834865131520.0,12316.222456804771,0.062
Russia,1991,Europe,2.4067559999999997,705.395,754.959,844.452,16.104,1782589423616.0,11927.789244121488,0.063
Ukraine,1939,Europe,0.078643,65.443,0.494,12.251,2.339,,,0.003
Ukraine,1940,Europe,0.09429,80.699,0.714,12.414,2.779,,,0.003
Ukraine,1941,Europe,0.082833,69.41,0.0,12.96,2.419,,,0.003
Ukraine,1942,Europe,0.0450319999999999,31.677,0.0,13.355,1.303,,,0.003
Ukraine,1943,Europe,0.046998,35.445,0.0,11.553,1.348,,,0.004
Ukraine,1944,Europe,0.068155,52.58,0.0,15.575,1.937,,,0.004
Ukraine,1945,Europe,0.072161,63.688,0.716,7.613,2.032,,,0.004
Ukraine,1946,Europe,0.0810999999999999,71.261,0.821,8.746,2.263,,,0.004
Ukraine,1947,Europe,0.09766,85.636,1.006,10.634,2.7,,,0.004
Ukraine,1948,Europe,0.103922,90.41,1.115,11.869,2.847,,,0.004
Ukraine,1949,Europe,0.118135,102.479,1.154,13.861,3.203,,,0.004
Ukraine,1950,Europe,0.131685,113.868,1.524,15.45,3.529,,,0.004
Ukraine,1951,Europe,0.142722,123.413,1.65,16.664,3.775,,,0.004
Ukraine,1952,Europe,0.152833,131.146,1.686,18.868,3.99,,,0.004
Ukraine,1953,Europe,0.161689,137.7,1.816,20.89,4.167,,,0.004
Ukraine,1954,Europe,0.176593,149.868,1.987,23.212,4.491,,,0.004
Ukraine,1955,Europe,0.200239,168.907,2.386,27.137,5.024,,,0.005
Ukraine,1956,Europe,0.219531,182.587,3.237,31.707,5.431,,,0.005
Ukraine,1957,Europe,0.240223,196.742,5.082,36.073,5.859,,,0.005
Ukraine,1958,Europe,0.256387,205.325,7.632,40.745,6.159,,,0.005
Ukraine,1959,Europe,0.269533,211.736,9.794,44.876,6.38,,,0.005
Ukraine,1960,Europe,0.280582,214.763,12.591,49.555,6.552,,,0.005
Ukraine,1961,Europe,0.289294,214.245,16.557,54.387,6.666,,,0.005
Ukraine,1962,Europe,0.3035489999999999,216.314,20.897,61.709,6.908,,,0.006
Ukraine,1963,Europe,0.325498,226.584,25.824,68.159,7.321,,,0.006
Ukraine,1964,Europe,0.346127,235.538,31.665,73.675,7.7,,,0.006
Ukraine,1965,Europe,0.367122,245.297,36.889,79.08,8.089,,,0.006
Ukraine,1966,Europe,0.387648,255.055,41.116,85.003,8.463,,,0.006
Ukraine,1967,Europe,0.405275,259.489,45.42,93.503,8.769,,,0.007
Ukraine,1968,Europe,0.416593,259.243,49.678,100.582,8.937,,,0.007
Ukraine,1969,Europe,0.433821,264.636,53.493,108.412,9.235,,,0.007
Ukraine,1970,Europe,0.456317,281.356,49.422,117.813,9.655,,,0.007
Ukraine,1971,Europe,0.484203,289.37,56.345,126.483,10.178,,,0.007
Ukraine,1972,Europe,0.509439,299.725,59.558,138.049,10.625,,,0.008
Ukraine,1973,Europe,0.530912,304.958,63.389,149.365,10.997,379632615424.0,7863.6135590524045,0.008
Ukraine,1974,Europe,0.551068,308.029,67.707,161.276,11.344,,,0.008
Ukraine,1975,Europe,0.579228,318.708,74.199,171.218,11.854,,,0.008
Ukraine,1976,Europe,0.601509,328.093,81.792,175.798,12.245,,,0.009
Ukraine,1977,Europe,0.6219199999999999,334.665,88.043,182.726,12.606,,,0.009
Ukraine,1978,Europe,0.6432089999999999,335.531,93.119,197.598,12.989,,,0.009
Ukraine,1979,Europe,0.648547,336.882,99.361,199.046,13.044,,,0.01
Ukraine,1980,Europe,0.674117,354.087,103.444,203.25,13.494,423744962560.0,8482.508400535617,0.01
Ukraine,1981,Europe,0.661046,326.154,112.698,208.741,13.171,436799209472.0,8703.037968904913,0.01
Ukraine,1982,Europe,0.673577,331.065,119.444,209.965,13.364,450250833920.0,8933.06548114344,0.011
Ukraine,1983,Europe,0.683055,330.153,128.795,210.801,13.489,469722660864.0,9276.26873000006,0.011
Ukraine,1984,Europe,0.689077,329.235,139.873,206.644,13.541,481090600960.0,9453.98487961704,0.011
Ukraine,1985,Europe,0.7434149999999999,371.352,152.032,206.528,14.546,478213668864.0,9356.782789083309,0.012
Ukraine,1986,Europe,0.740504,370.511,150.375,206.4,14.43,480702431232.0,9366.996526668225,0.012
Ukraine,1987,Europe,0.733884,364.423,168.817,187.648,14.246,494152220672.0,9592.259479750715,0.012
Ukraine,1988,Europe,0.727315,354.713,181.19,174.39,14.061,499008438272.0,9647.363101679572,0.013
Ukraine,1989,Europe,0.683654,322.27,180.259,164.307,13.168,519237894144.0,10001.148625599231,0.013
Ukraine,1990,Europe,0.7062269999999999,263.168,216.19,205.687,13.567,495935160320.0,9527.303660688052,0.013
Ukraine,1991,Europe,0.6329239999999999,222.622,224.884,167.044,12.132,460353470464.0,8823.939768338969,0.014
United Kingdom,1939,Europe,0.4742889999999999,447.352,0.0,26.936,9.904,479046172672.0,10003.005053097892,0.015
United Kingdom,1940,Europe,0.500083,470.894,0.0,29.189,10.395,527013740544.0,10954.621539625055,0.015
United Kingdom,1941,Europe,0.499796,463.093,0.0,33.116,10.344,575024005120.0,11901.005835574992,0.015
United Kingdom,1942,Europe,0.492996,463.36,0.004,25.987,10.162,589318389760.0,12147.012098524714,0.015
United Kingdom,1943,Europe,0.490219,449.445,0.0,37.274,10.065,602251395072.0,12365.686728325702,0.016
United Kingdom,1944,Europe,0.48967,437.551,0.004,49.826,10.015,578535817216.0,11832.911657433033,0.016
United Kingdom,1945,Europe,0.453074,412.929,0.004,38.106,9.231,553149923328.0,11270.03280092413,0.016
United Kingdom,1946,Europe,0.464412,427.12,0.0,33.989,9.426,529131962368.0,10739.084948195112,0.016
United Kingdom,1947,Europe,0.485232,451.922,0.0,29.814,9.81,521286516736.0,10539.032096297018,0.016
United Kingdom,1948,Europe,0.50351,457.751,0.0,41.482,10.14,537800540160.0,10830.946657218365,0.017
United Kingdom,1949,Europe,0.507552,463.045,0.0,39.876,10.181,557859471360.0,11190.406358008731,0.017
United Kingdom,1950,Europe,0.500792,453.925,0.0,41.968,9.992,554454745088.0,11062.319663247075,0.017
United Kingdom,1951,Europe,0.545253,486.055,0.015,54.048,10.83,570992689152.0,11341.186324570794,0.017
United Kingdom,1952,Europe,0.528706,469.747,0.018,53.347,10.47,570010304512.0,11288.17524048478,0.018
United Kingdom,1953,Europe,0.540211,478.419,0.022,56.136,10.649,592393404416.0,11678.060447646489,0.018
United Kingdom,1954,Europe,0.55301,483.959,0.033,63.01,10.852,616540930048.0,12098.943320144888,0.018
United Kingdom,1955,Europe,0.576952,499.933,0.026,70.706,11.274,638913806336.0,12484.454734238783,0.018
United Kingdom,1956,Europe,0.574324,494.885,0.037,72.991,11.174,646914572288.0,12585.77422991495,0.019
United Kingdom,1957,Europe,0.570714,482.582,0.062,82.063,11.048,657223974912.0,12723.112654271066,0.019
United Kingdom,1958,Europe,0.556316,458.868,0.117,91.472,10.712,655877079040.0,12628.651378295355,0.019
United Kingdom,1959,Europe,0.546606,425.559,0.136,114.592,10.466,682390126592.0,13065.98318546003,0.019
United Kingdom,1960,Europe,0.58402,448.052,0.15,129.145,11.116,721686167552.0,13736.31707171814,0.02
United Kingdom,1961,Europe,0.588615,442.882,0.15,138.477,11.13,745529212928.0,14097.18993274306,0.02
United Kingdom,1962,Europe,0.592932,437.313,0.216,148.359,11.13,753069260800.0,14136.08355297623,0.02
United Kingdom,1963,Europe,0.603386,439.307,0.289,156.841,11.246,782013366272.0,14575.405677153944,0.021
United Kingdom,1964,Europe,0.607866,426.243,0.513,172.726,11.255,823416717312.0,15245.879762664576,0.021
United Kingdom,1965,Europe,0.622112,422.269,1.685,189.773,11.444,844870778880.0,15542.42051816164,0.021
United Kingdom,1966,Europe,0.618075,403.344,1.649,204.792,11.304,861009739776.0,15747.389918411884,0.021
United Kingdom,1967,Europe,0.592057,368.479,2.777,212.115,10.77,880333291520.0,16013.729257497667,0.022
United Kingdom,1968,Europe,0.606488,370.301,6.265,220.842,10.979,916165885952.0,16584.993471511036,0.022
United Kingdom,1969,Europe,0.628383,367.944,12.252,238.096,11.331,932854038528.0,16821.453759117463,0.022
United Kingdom,1970,Europe,0.652577,352.909,23.105,265.175,11.724,954756366336.0,17152.1949486705,0.023
United Kingdom,1971,Europe,0.6603880000000001,341.419,37.226,269.542,11.816,975018065920.0,17445.188339773442,0.023
United Kingdom,1972,Europe,0.648026,293.155,52.659,289.348,11.556,1009534173184.0,18001.92354935487,0.023
United Kingdom,1973,Europe,0.659577,295.861,56.994,291.911,11.739,1077433270272.0,19175.23599676149,0.023
United Kingdom,1974,Europe,0.617184,263.376,68.161,271.425,10.977,1062802292736.0,18902.815455810673,0.024
United Kingdom,1975,Europe,0.603247,276.2,71.382,241.395,10.73,1061564055552.0,18882.274098153222,0.024
United Kingdom,1976,Europe,0.598526,274.969,74.038,235.797,10.65,1085394059264.0,19312.668426535944,0.024
United Kingdom,1977,Europe,0.604362,271.09,79.01,240.24,10.758,1108973453312.0,19741.113456995412,0.025
United Kingdom,1978,Europe,0.6047140000000001,259.146,81.524,247.568,10.765,1148502802432.0,20444.886815389014,0.025
United Kingdom,1979,Europe,0.644513,281.573,89.193,253.264,11.464,1180113305600.0,20991.450657955647,0.025
United Kingdom,1980,Europe,0.579035,260.719,88.423,214.531,10.288,1160744140800.0,20623.68141118823,0.025
United Kingdom,1981,Europe,0.5605549999999999,261.417,89.607,195.249,9.956,1145637961728.0,20347.15005261294,0.026
United Kingdom,1982,Europe,0.5482400000000001,244.751,93.314,196.245,9.739,1163414863872.0,20667.219784654015,0.026
United Kingdom,1983,Europe,0.545485,247.234,97.169,187.284,9.683,1204671086592.0,21385.177605384528,0.026
United Kingdom,1984,Europe,0.5291079999999999,177.559,99.61,238.803,9.373,1234772426752.0,21873.22815016239,0.026
United Kingdom,1985,Europe,0.559627,234.315,107.941,205.725,9.886,1278428446720.0,22584.51492000483,0.027
United Kingdom,1986,Europe,0.568554,248.487,108.267,201.314,10.018,1334598565888.0,23516.357654617,0.027
United Kingdom,1987,Europe,0.571668,259.298,107.509,193.727,10.049,1398100983808.0,24577.233278193835,0.027
United Kingdom,1988,Europe,0.570294,249.779,105.863,206.463,10.0,1467801403392.0,25738.91741269942,0.027
United Kingdom,1989,Europe,0.581576,245.895,104.71,222.613,10.171,1499837497344.0,26229.12636762771,0.028
United Kingdom,1990,Europe,0.6019450000000001,252.69,113.518,217.8,10.493,1505692221440.0,26246.264680539716,0.028
United Kingdom,1991,Europe,0.609413,253.623,121.693,218.39,10.588,1488075358208.0,25854.75133546146,0.028
United States,1939,North America,1.6709200000000002,1024.988,124.122,508.158,13.038,1469481091072.0,11465.982275696322,0.073
United States,1940,North America,1.874985,1168.882,133.707,557.62,14.488,1592319803392.0,12303.756754624748,0.074
United States,1941,North America,2.043585,1294.762,141.533,588.735,15.616,1815098556416.0,13869.93975306322,0.076
United States,1942,North America,2.1982649999999997,1458.597,153.855,565.693,16.59,2013171023872.0,15192.738562403778,0.077
United States,1943,North America,2.272059,1470.803,171.952,612.936,16.911,2203245608960.0,16399.214787432742,0.078
United States,1944,North America,2.444904,1545.85,186.574,700.12,17.948,2361835388928.0,17338.61954552017,0.08
United States,1945,North America,2.3595520000000003,1421.423,197.676,727.377,17.084,2314667819008.0,16759.394067170215,0.081
United States,1946,North America,2.2574940000000003,1298.758,203.103,737.018,16.121,2103900897280.0,15024.487549647594,0.082
United States,1947,North America,2.485854,1449.231,224.086,791.342,17.509,2070709141504.0,14584.724818927323,0.084
United States,1948,North America,2.5825590000000003,1433.19,251.765,874.345,17.94,2168923357184.0,15067.045247838483,0.085
United States,1949,North America,2.1648620000000003,1063.102,265.068,813.723,14.823,2126235566080.0,14558.119980688183,0.086
United States,1950,North America,2.541485,1257.232,319.219,896.801,16.481,2320610099200.0,15049.090288526302,0.088
United States,1951,North America,2.618711,1211.599,376.209,960.662,16.735,2497407877120.0,15959.782581080188,0.089
United States,1952,North America,2.551219,1074.173,402.787,1000.967,16.066,2590801395712.0,16315.463586361531,0.09
United States,1953,North America,2.612971,1065.955,423.342,1050.079,16.213,2709832597504.0,16813.680345601915,0.092
United States,1954,North America,2.489462,913.446,444.0,1063.212,15.213,2691885432832.0,16450.416973680854,0.093
United States,1955,North America,2.7285120000000003,1026.222,479.19,1147.903,16.417,2882221637632.0,17341.883979395192,0.094
United States,1956,North America,2.859995,1068.358,505.889,1203.787,16.941,2938405650432.0,17405.042466569354,0.096
United States,1957,North America,2.835772,1024.081,540.645,1193.662,16.535,2993553408000.0,17455.19977392319,0.097
United States,1958,North America,2.7471080000000003,888.344,570.701,1220.046,15.768,2963550502912.0,17010.850469836736,0.098
United States,1959,North America,2.8319229999999997,910.978,593.21,1258.457,15.986,3183156920320.0,17969.138548336337,0.1
United States,1960,North America,2.897315,917.964,630.025,1281.631,16.072,3262376312832.0,18096.70993739915,0.101
United States,1961,North America,2.886873,887.443,636.415,1297.316,15.733,3338584195072.0,18194.961340167432,0.102
United States,1962,North America,2.993902,920.818,676.367,1334.748,16.034,3539745112064.0,18957.069583747805,0.104
United States,1963,North America,3.1264879999999997,987.008,718.455,1359.256,16.47,3692868403200.0,19454.044344411377,0.105
United States,1964,North America,3.264313,1049.177,759.072,1393.919,16.929,3906859958272.0,20261.751792682167,0.106
United States,1965,North America,3.399547,1090.619,782.605,1464.691,17.375,4156141338624.0,21242.3263421521,0.108
United States,1966,North America,3.571421,1132.718,842.207,1529.661,18.013,4428300025856.0,22335.2137733646,0.109
United States,1967,North America,3.705461,1163.049,881.284,1589.194,18.463,4538979319808.0,22615.75130731621,0.111
United States,1968,North America,3.840919,1139.603,936.361,1689.423,18.92,4754925682688.0,23422.00762927053,0.113
United States,1969,North America,4.035145,1158.0,1018.083,1781.627,19.655,4903769997312.0,23885.87059407765,0.115
United States,1970,North America,4.3396859999999995,1168.091,1059.211,2038.082,20.884,4912635707392.0,23641.58931304367,0.117
United States,1971,North America,4.365465,1107.406,1096.927,2097.305,20.746,5065682190336.0,24073.412901489977,0.119
United States,1972,North America,4.573015000000001,1124.841,1115.673,2269.174,21.485,5334296952832.0,25062.17084572563,0.121
United States,1973,North America,4.785434,1220.714,1175.252,2325.281,22.257,5637202771968.0,26218.749263245696,0.123
United States,1974,North America,4.6214189999999995,1199.352,1134.594,2227.39,21.289,5621366128640.0,25895.78697800297,0.125
United States,1975,North America,4.478563,1195.102,1042.853,2190.27,20.438,5605794775040.0,25582.132444360475,0.127
United States,1976,North America,4.748111,1281.249,1063.161,2350.496,21.468,5899591090176.0,26674.61352532091,0.129
United States,1977,North America,4.889953,1315.802,1041.406,2478.228,21.903,6166912434176.0,27622.18282678755,0.132
United States,1978,North America,4.941707999999999,1314.266,1045.577,2524.557,21.925,6518624223232.0,28920.750097599295,0.134
United States,1979,North America,5.008956,1427.55,1080.846,2441.816,22.01,6740172603392.0,29617.35755312017,0.136
United States,1980,North America,4.808877000000001,1453.891,1058.408,2244.35,20.921,6743208230912.0,29336.325231035244,0.138
United States,1981,North America,4.686743000000001,1503.037,1032.434,2101.535,20.184,6911865389056.0,29766.655363655893,0.14
United States,1982,North America,4.447602,1449.193,961.223,1994.366,18.96,6782206345216.0,28911.73604720591,0.142
United States,1983,North America,4.429711,1504.91,901.395,1977.975,18.692,7066236747776.0,29817.06072932585,0.144
United States,1984,North America,4.662488000000001,1616.224,962.574,2034.424,19.479,7581108011008.0,31673.207987126418,0.146
United States,1985,North America,4.652938,1655.15,926.826,2023.738,19.252,7874872344576.0,32582.47358546111,0.149
United States,1986,North America,4.663711,1635.859,868.157,2111.99,19.117,8146027806720.0,33391.68101830425,0.151
United States,1987,North America,4.826013,1709.615,923.281,2143.02,19.605,8432566927360.0,34256.266933145605,0.153
United States,1988,North America,5.050858,1792.863,964.695,2241.04,20.334,8787202670592.0,35376.1754847792,0.155
United States,1989,North America,5.132543,1813.282,1027.299,2239.66,20.475,9091291283456.0,36267.23677628751,0.157
United States,1990,North America,5.120957000000001,1814.537,1023.425,2178.622,20.211,9250377039872.0,36508.87420504723,0.16
United States,1991,North America,5.062957,1797.157,1042.436,2120.971,19.741,9224687976448.0,35967.70274290011,0.162
